1,121044,"Abbott, Ray",9.260116912e+09,2267,Edwards Mill Rd,Miami-Dade,FL,33135,US
2,120145,"Aisbitt, Sandy",1.600101803e+09,30,Bingera Street,Melbourne,"  ",2001,AU
3,120761,"Akinfolarin, Tameaka",9.26012103e+09,5,Donnybrook Rd,Philadelphia,PA,19145,US
4,120656,"Amos, Salley",9.260123736e+09,3524,Calico Ct,San Diego,CA,92116,US
5,121107,"Anger, Rose",9.260120989e+09,744,Chapwith Rd,Philadelphia,PA,19142,US
6,121038,"Anstey, David",9.260116991e+09,939,Hilltop Needmore Rd,Miami-Dade,FL,33157,US
7,120273,"Antonini, Doris",9.260116925e+09,681,Ferguson Rd,Miami-Dade,FL,33141,US
8,120759,"Apr, Nishan",9.260123711e+09,105,Brack Penny Rd,San Diego,CA,92071,US
9,120798,"Ardskin, Elizabeth",9.260116954e+09,701,Glenridge Dr,Miami-Dade,FL,33177,US
10,121030,"Areu, Jeryl",9.260116937e+09,265,Fyfe Ct,Miami-Dade,Fl,33133,US
11,121017,"Arizmendi, Gilbert",9.260123825e+09,379,Englehardt Dr,San Diego,CA,91950,US
12,121062,"Armant, Debra",9.260123787e+09,10398,Crown Forest Ct,San Diego,CA,92025,US
13,121119,"Armogida, Bruce",9.260121159e+09,1914,Lansing St,Philadelphia,PA,19119,US
14,120812,"Arruza, Fauver",9.260116937e+09,265,Fyfe Ct,Miami-Dade,FL,33133,US
15,120756,"Asta, Wendy",9.260121146e+09,3565,Lake Park Dr,Philadelphia,PA,19145,US
16,120754,"Atkins, John",9.260116816e+09,6137,Blue Water Ct,Miami-Dade,FL,33161,US
17,120185,"Bahlman, Sharon",1.600103028e+09,24,LaTrobe Street,Sydney,"  ",2165,AU
18,120109,"Baker, Gabriele",1.600103074e+09,166,Toorak Road,Sydney,"  ",2119,AU
19,120710,"Baltzell, Timothy",9.260120981e+09,31,Castalia Dr,Philadelphia,PA,19140,US
20,121007,"Banaszak, John",9.260121148e+09,77,Lake Tillery Dr,Philadelphia,PA,19139,US
21,121011,"Banchi, Steven",9.260116837e+09,522,Buncombe St,Miami-Dade,FL,33031,US
22,120188,"Baran, Shanmuganathan",1.600102985e+09,207,Canterbury Road,Sydney,"  ",1225,AU
23,120144,"Barbis, Viney",1.600102974e+09,3,Alice Street,Sydney,"  ",2114,AU
24,120168,"Barcoe, Selina",1.60010185e+09,435,Sherwood Rd,Melbourne,"  ",8003,AU
25,120182,"Barreto, Geok-Seng",1.600103062e+09,241,Royal Perade,Sydney,"  ",1115,AU
26,121049,"Bataineh, Perrior",9.260123694e+09,892,Birchland Dr,San Diego,CA,92126,US
27,120998,"Benedicto, Tondelayo",9.260123862e+09,2902,Gable Ridge Ln,San Diego,CA,92118,US
28,120800,"Benyami, Fred",9.260123837e+09,1498,Falconwood Dr,San Diego,CA,92069,US
29,120811,"Bergeron-Jeter, Dale",9.260116773e+09,2356,Aileen Dr,Miami-Dade,FL,33010,US
30,120733,"Bezinque, Michael",9.260116798e+09,2732,Bell Dr,Miami-Dade,FL,33033,US
31,120104,"Billington, Kareen",1.600103066e+09,40,Smith Street,Sydney,"  ",1670,AU
32,120735,"Bilobran, Brenda",9.260116785e+09,11217,Avent Ferry Rd,Miami-Dade,FL,33160,US
33,121035,"Blackley, James",9.260123811e+09,41,Dubose St,San Diego,CA,92110,US
34,120183,"Blanton, Brig",1.600101844e+09,6,Palmiston Cresent,Melbourne,"  ",3150,AU
35,121141,"Bleu, Henri Le",9.260121129e+09,29,Joliesse Ln,Philadelphia,PA,19103,US
36,120993,"Boatright, Lorraine",9.260123871e+09,110,Glascock St,San Diego,CA,91950,US
37,120198,"Body, Meera",1.600103038e+09,51,Martin Place,Sydney,"  ",1131,AU
38,121006,"Bolster, Bernard",9.260123715e+09,77,Braswell Ct,San Diego,CA,91950,US
39,121116,"Bond-Teague, Mary",9.260123677e+09,24,Bashford Rd,San Diego,CA,92106,US
40,121137,"Boocks, Michael. R.",9.260117046e+09,1555,Laurdane Rd,Miami-Dade,FL,33183,US
41,120728,"Borge, Kathryn",9.260116823e+09,360,Bridgepath Dr,Miami-Dade,FL,33150,US
42,121109,"Boulus, Harold",9.260123772e+09,4320,Colony Woods Dr,San Diego,CA,92054,US
43,120265,"Branly, Wanda",9.260121147e+09,21,Lake Pine Dr,Philadelphia,PA,19135,US
44,121140,"Briggi, Saunders",9.260123917e+09,991,Holman St,San Diego,CA,92021,US
45,121012,"Broome, Carmelo",9.260116832e+09,368,Buck Jones Rd,Miami-Dade,FL,33144,US
46,120724,"Brown, Hampie",9.26012377e+09,1951,Cobble Creek Ln,San Diego,CA,92054,US
47,121101,"Buckner, Burnetta",9.260123893e+09,3385,Hampton Ridge Rd,San Diego,CA,92114,US
48,120114,"Buddery, Jeannette",1.600103023e+09,12,Hunua Road Papakura,Sydney,"  ",1004,AU
49,120662,"Burroughs, Lemonica",9.260116814e+09,2565,Bledsoe Ave,Miami-Dade,FL,33176,US
50,120730,"Burt, Woodson",9.260123853e+09,136,Fox Rd,San Diego,CA,92128,US
51,120713,"Campbell, Carston",9.260123835e+09,19,Fairwinds Dr,San Diego,CA,92069,US
52,120181,"Cantatore, Lorian",1.600102985e+09,207,Canterbury Road,Sydney,"  ",1225,AU
53,121144,"Capachietti, Renee",9.260116911e+09,379,Edgeside Ct,Miami-Dade,FL,33012,US
54,120763,"Capps, Ramond",9.260123777e+09,3384,Cotton Mill Dr,San Diego,CA,92113,US
55,121050,"Capristo-Abramczyk, Patricia",9.260123928e+09,157,Ithaca Ln,San Diego,CA,91950,US
56,120688,"Carcaterra, Lisa",9.260123971e+09,91,Langstonshire Ln,San Diego,Ca,92119,US
57,121059,"Carhide, Jacqulin",9.260123889e+09,5637,Greenfield Dr,San Diego,CA,91911,US
58,121025,"Cassey, Barnaby",9.260116769e+09,1609,Abbey Ln,Miami-Dade,FL,33134,US
59,121121,"Cassone, Halouise",9.260121067e+09,6,Frissell Ave,Philadelphia,PA,19142,US
60,120187,"Catenacci, Reyne",1.600101829e+09,44,Gow Street,Melbourne,"  ",2066,AU
61,120146,"Cederlund, Wendall",1.600103054e+09,1,Pacific Rise Mount Wellington,Sydney,"  ",20000,AU
62,120149,"Chantharasy, Judy",1.60010182e+09,1,Embarcadero Center Site 1500,Melbourne,"  ",3000,AU
63,121097,"Chernega, Willeta",9.260121008e+09,17,Cottonwood Ln,Philadelphia,PA,19111,US
64,121080,"Chinnis, Kumar",9.260116996e+09,60,Hodge Rd,Miami-Dade,FL,33138,US
65,120791,"Chiseloff, Richard",9.26012383e+09,1726,Evans Rd,San Diego,CA,92067,US
66,121048,"Clark, Lawrie",9.260116885e+09,5716,Deacons Bend Ct,Miami-Dade,FL,33184,US
67,121002,"Clark, Terry-Ann",9.260123906e+09,57,Hickory Dr,San Diego,CA,92104,US
68,120127,"Clarkson, Sharryn",1.600102972e+09,21,Albert St,Sydney,"  ",1170,AU
69,120263,"Cleverley, Bobby",9.26012371e+09,622,Boylan Ave,San Diego,CA,92054,US
70,121076,"Cobb, Micah",9.260121074e+09,37,Glencoe Dr,Philadelphia,Pa,19138,US
71,120172,"Comber, Edwin",1.600102978e+09,121,Blackburn Road,Sydney,"  ",2580,AU
72,120175,"Conolly, Andrew",1.600103049e+09,79,Old Port Road,Sydney,"  ",2144,AU
73,120739,"Cooper, Bryon",9.26011677e+09,5857,Academy St,Miami-Dade,FL,33133,US
74,121100,"Cormell, Tzue-Ing",9.2601237e+09,4104,Blackwolf Run Ln,San Diego,CA,92114,US
75,121113,"Costine, Karen",9.260116837e+09,522,Buncombe St,Miami-Dade,FL,33031,US
76,121073,"Court, Donald",9.260116842e+09,4498,Calumet Dr,Miami-Dade,FL,33144,US
77,120741,"Court, Keisha",9.260121135e+09,88,Kershaw Dr,Philadelphia,PA,19130,US
78,120264,"Croome, Latonya",9.260123737e+09,1722,Calm Winds Ct,San Diego,CA,91941,US
79,120794,"Cross, Samantha",9.260116833e+09,699,Buck Rowland Rd,Miami-Dade,FL,33169,US
80,120262,"Crown, Max",9.260120929e+09,1823,Ashley Rd,Philadelphia,PA,19111,US
81,120679,"Cutucache, Chrisy",9.260123909e+09,1541,Highland Trl,San Diego,CA,92103,US
82,120190,"Czernezkyi, Ivor",1.600103037e+09,21,Market Street,Sydney,"  ",2113,AU
83,120687,"Dannin, Freda",9.260116935e+09,674,Friar Tuck Rd,Miami-Dade,FL,33193,US
84,121040,"Darrohn, Brienne",9.260120944e+09,3941,Belford Valley Ln,Philadelphia,PA,19103,US
85,121055,"Davis, Clement",9.260117037e+09,1305,Kyle Dr,Miami-Dade,FL,33172,US
86,120103,"Dawes, Wilson",1.600103074e+09,166,Toorak Road,Sydney,"  ",2119,AU
87,120124,"Daymond, Lucian",1.600103024e+09,1,Julius Avenue,Sydney,"  ",2233,AU
88,120795,"Deacon, David",9.26011696e+09,1636,Gorman St,Miami-Dade,FL,33012,US
89,121082,"Debank, Richard",9.260116843e+09,608,Campbell Rd,Miami-Dade,FL,33129,US
90,120786,"Delafuente, Chris-Anne",9.260116875e+09,1329,Cross Link Rd,Miami-Dade,FL,33016,US
91,120789,"Denhollem, Julius",9.260116863e+09,147,Clearport Dr,Miami-Dade,FL,33135,US
92,120126,"Denny, Satyakam",1.600102981e+09,7,Boundary Street,Sydney,"  ",2099,AU
93,121003,"Der Wiele, Troyce Van",9.260120967e+09,1787,Brushy Meadows Dr,Philadelphia,PA,19148,US
94,121019,"Desanctis, Scott",9.260121087e+09,765,Greenhaven Ln,Philadelphia,PA,19102,us
95,120680,"Desaulniers, Raymondria",9.260120977e+09,2409,Carnegie Ln,Philadelphia,PA,19145,US
96,121132,"Digiorgio, Shia-Ling",9.26012387e+09,97,Gentlewoods Dr,San Diego,CA,92040,US
97,120197,"Dillin, Kerrin",1.600101821e+09,29,Emily Bullock Cres,Melbourne,"  ",8007,AU
98,120714,"Dinley, Robert",9.260116931e+09,182,Fort Sumter Rd,Miami-Dade,FL,33160,US
99,120152,"Dives, Sean",1.600102982e+09,69,Bourke St,Sydney,"  ",1460,AU
100,120668,"Dolan, Thyland",9.260116922e+09,744,Farmington Grove Dr,Miami-Dade,FL,33141,US
101,120997,"Donathan, Mary",9.260121069e+09,4923,Gateridge Dr,Philadelphia,PA,19152,us
102,120785,"Donnell, Damesha",9.260123725e+09,1947,Bromley Way,San Diego,CA,92024,US
103,120711,"Drew, Gloria",9.260121132e+09,17,Kempwood Dr,Philadelphia,PA,19119,US
104,120667,"Droste, Edwin",9.260116974e+09,1661,Hanna Ln,Miami-Dade,FL,33014,US
105,120803,"Droste, Victor",9.260123737e+09,1722,Calm Winds Ct,San Diego,CA,91941,US
106,120138,"Duckett, Shani",1.600101841e+09,9,Northgate Drive,Melbourne,"  ",3168,AU
107,120279,"Dunlap, Kareema",9.260123839e+09,181,Falls River Ave,San Diego,CA,92021,US
108,120808,"Dupree, Marcel",9.260123656e+09,3231,Amity Hill Ct,San Diego,CA,92064,US
109,120142,"Eastley, Vincent",1.600101816e+09,4,Dalmore Drive,Melbourne,"  ",3095,AU
110,120779,"Eggleston, Jennifer",9.260116997e+09,140,Hollow Ct,Miami-Dade,FL,33032,US
111,120774,"El-Amin, Sue",9.260121123e+09,1030,Indigo Dr,Philadelphia,PA,19122,US
112,120119,"Elleman, Lal",1.600103015e+09,1021,Haupapa Street,Sydney,"  ",1219,AU
113,121015,"Elmoslamy, Wilson",9.260123927e+09,3118,Iris Dr,San Diego,CA,92105,US
114,120121,"Elvish, Irenie",1.600103044e+09,3,Mundi Place,Sydney,"  ",1232,AU
115,120110,"Entwisle, Dennis",1.600103011e+09,9,Grayson Avenue Papatoetoe,Sydney,"  ",1226,AU
116,120810,"Esguerra, Loyal",9.260116917e+09,2726,Fairfax Woods Dr,Miami-Dade,FL,33162,US
117,121103,"Farnsworth, Brian",9.260123783e+09,8458,Crispwood Ct,San Diego,Ca,91901,US
118,121021,"Farren, Priscilla",9.26012379e+09,1538,Dacian Rd,San Diego,CA,92124,US
119,120747,"Farthing, Zashia",9.260123756e+09,763,Chatterson Dr,San Diego,CA,92116,us
120,121143,"Favaron, Louis",9.260117004e+09,163,Horseshoe Bend,Miami-Dade,FL,33176,US
121,121052,"Fay, Richard",9.260120973e+09,7660,Calvary Dr,Philadelphia,PA,19107,US
122,120744,"Feigenbaum, Alden",9.260123874e+09,43,Glen Bonnie Ln,San Diego,CA,92122,US
123,120753,"Ferrari, Ralph",9.260116946e+09,309,Gilliam Ln,Miami-Dade,FL,33172,US
124,121031,"Filan, Scott",9.260121065e+09,375,Foxmoor Ct,Philadelphia,PA,19142,US
125,120150,"Filo, John",1.600101856e+09,5,Sun Pl,Melbourne,"  ",3001,AU
126,120195,"Fiocca, Jina",1.600101807e+09,81,Burwood Road,Melbourne,"  ",3155,AU
127,121102,"Flammia, Rocheal",9.260123922e+09,1201,Hoyle Dr,San Diego,CA,91978,us
128,120260,"Fletcher, Christine",9.26012378e+09,2416,Cove Point Dr,San Diego,CA,91910,US
129,120272,"Flow, Febin",9.260121137e+09,461,Kimberly Dr,Philadelphia,PA,19121,US
130,120697,"Fouche, Madelaine",1.60010182e+09,1,Embarcadero Center Site 1500,Melbourne,"  ",3000,AU
131,121023,"Fuller, Shawn",9.260123819e+09,1195,Echo Glen Ln,San Diego,CA,92028,US
132,121136,"Galarneau, Lesia",9.260120922e+09,3,Altair Cir,Philadelphia,PA,19131,US
133,120778,"Gardner, Angela",9.26012104e+09,349,Eason Cir,Philadelphia,PA,19104,US
134,120180,"George, Vino",1.600101796e+09,9,Adelaide Terrace,Melbourne,"  ",3000,AU
135,120112,"Glattback, Ellis",1.600101868e+09,7,Vulture Street,Melbourne,"  ",3174,AU
136,121124,"Gonzalez, Deginald",9.260117036e+09,1611,Kronos Ln,Miami-Dade,FL,33054,US
137,121009,"Goodwin, Robert",9.26012386e+09,31,Friendly Dr,San Diego,CA,92116,US
138,120995,"Gordo, Lily-Ann",9.26012113e+09,545,Jones Sausage Rd,Philadelphia,PA,19144,US
139,120191,"Graham-Rowe, Jannene",1.60010182e+09,1,Embarcadero Center Site 1500,Melbourne,"  ",3000,AU
140,120108,"Gromek, Gladys",1.600101827e+09,6,George Street,Melbourne,"  ",3000,AU
141,121047,"Grzebien, Karen",9.260123757e+09,627,Chenworth Dr,San Diego,CA,92082,US
142,120672,"Guscott, Verne",1.60010299e+09,249,Collins Street,Sydney,"  ",2009,AU
143,120691,"Habres, Sek",1.600103058e+09,11,Reid Street,Sydney,"  ",1005,AU
144,121129,"Hafley, Yusef",9.260116796e+09,192,Beaufort St,Miami-Dade,FL,33133,US
145,121045,"Hampton, Cascile",9.260123748e+09,8560,Carlton Ave,San Diego,CA,92027,US
146,121013,"Hargrave, Seco",9.260120922e+09,3,Altair Cir,Philadelphia,PA,19131,US
147,120743,"Harrison, Chimena",9.260123715e+09,77,Braswell Ct,San Diego,CA,91950,US
148,120816,"Hart, Tessia",9.260116839e+09,2170,Buttercup Ln,Miami-Dade,FL,33055,US
149,120118,"Hartshorn, Darshi",1.600103076e+09,1,Waterloo Street,Sydney,"  ",2065,AU
150,120745,"Harvill, Barbara",9.260120919e+09,23,Alderman Cir,Philadelphia,PA,19129,US
151,120194,"Harwood, Reece",1.600101807e+09,81,Burwood Road,Melbourne,"  ",3155,AU
152,121061,"Hassam, Lauris",9.260116932e+09,4407,Fountain Dr,Miami-Dade,FL,33178,US
153,120659,"Havasy, Jay",9.260120924e+09,1930,Apple Meadow Dr,Philadelphia,PA,19145,US
154,120154,"Hayawardhana, Caterina",1.600102972e+09,21,Albert St,Sydney,"  ",1170,AU
155,121098,"Heatwole, Hal",9.260120994e+09,1543,Cherrycrest Ct,Philadelphia,PA,19154,US
156,120999,"Heilmann, Sherelyn",9.260123969e+09,3750,Langley Cir,San Diego,CA,92025,US
157,120813,"Heinsler, John",9.260116828e+09,39,Brush Stream Dr,Miami-Dade,FL,33179,US
158,121123,"Helyar, Randy",9.260121031e+09,3313,Dothan Ct,Philadelphia,PA,19107,US
159,120718,"Hennington, Charles",9.260121043e+09,40,Elsbeth Ct,Philadelphia,PA,19144,US
160,121130,"Herndon, Gary",9.260121156e+09,11,Langdale Pl,Philadelphia,PA,19143,US
161,120196,"Hieds, Merle",1.600101856e+09,5,Sun Pl,Melbourne,"  ",3001,AU
162,120261,"Highpoint, Harry",9.260116777e+09,18,Antler Ct,Miami-Dade,FL,33135,US
163,121106,"Hilburger, James",9.260116793e+09,139,Barton Pines Rd,Miami-Dade,FL,33189,US
164,120669,"Hill, Ronald",9.260121037e+09,2823,Eagles Landing Dr,Philadelphia,PA,19146,US
165,120125,"Hofmeister, Fong",1.600102996e+09,17,Druitt Street,Sydney,"  ",2122,AU
166,121125,"Holt, Michael",9.260121127e+09,270,Johnson St,Philadelphia,PA,19138,US
167,121070,"Holthouse, Agnieszka",9.260116982e+09,41,Hawthorne Way,Miami-Dade,FL,33018,US
168,120815,"Honore, Craig",9.260116824e+09,7766,Brimfield Ct,Miami-Dade,FL,33141,US
169,121071,"Hoppmann, John",9.260116922e+09,744,Farmington Grove Dr,Miami-Dade,FL,33141,US
170,120773,"Horne, Entrisse",9.260117e+09,7497,Holly Pointe Dr,Miami-Dade,FL,33133,US
171,120792,"Horne, Omeba",9.260121126e+09,4750,Jet Ln,Philadelphia,PA,19119,US
172,120106,"Hornsey, John",1.600103064e+09,325,Sherwood Road,Sydney,"  ",1100,AU
173,120113,"Horsey, Riu",1.600101859e+09,45,Talavera Road,Melbourne,"  ",3146,AU
174,120123,"Hotstone, Kimiko",1.60010305e+09,54,Overseas Drive,Sydney,"  ",2066,AU
175,121001,"House, Tony",9.260116817e+09,1,Bona Ct,Miami-Dade,FL,33140,US
176,120685,"Howard, Anita",9.260121044e+09,1455,Emerywood Dr,Philadelphia,PA,19124,US
177,120729,"Howell, Kimberly",9.260117044e+09,260,Langstonshire Ln,Miami-Dade,FL,33134,US
178,121085,"Huslage, Rebecca",9.260123814e+09,1984,Dunhill Ter,San Diego,CA,92008,US
179,120137,"Iyengar, Marina",1.600101814e+09,9,Crusin Place,Melbourne,"  ",3086,AU
180,121026,"Jaime, Terrill",9.260121098e+09,697,Harcourt Dr,Philadelphia,PA,19136,US
181,120155,"James, Narelle",1.600101861e+09,30,Thorncraft Parade,Melbourne,"  ",2113,AU
182,121104,"Johnson, Leoma",9.260120956e+09,4002,Brassfield Rd,Philadelphia,PA,19134,US
183,120797,"Jones, Sherrie",9.260116902e+09,19,Dutch Creek Dr,Miami-Dade,FL,33186,US
184,120278,"Jongleux, Binit",9.260123699e+09,3053,Blackpine Ct,San Diego,CA,91910,US
185,120716,"Juif, Kenneth",9.260121085e+09,881,Green Downs Dr,Philadelphia,PA,19143,US
186,121091,"Kadiri, Ernest",9.260121067e+09,6,Frissell Ave,Philadelphia,Pa,19142,US
187,121043,"Kagarise, Sigrid",9.260121031e+09,3313,Dothan Ct,Philadelphia,PA,19107,US
188,120269,"Kagolanu, Shrimatee",9.260120925e+09,65,Applecross Cir,Philadelphia,PA,19131,US
189,120132,"Kaiser, Fancine",1.600103012e+09,33,Great South Road Riccarton,Sydney,"  ",2000,AU
190,120157,"Karavdic, Leonid",1.600102978e+09,121,Blackburn Road,Sydney,"  ",2580,AU
191,120783,"Karp, Davis",9.260121117e+09,458,Huckleberry Dr,Philadelphia,PA,19104,US
192,120796,"Kellis, Philip",9.260121043e+09,40,Elsbeth Ct,Philadelphia,PA,19144,US
193,120766,"Kempster, Janelle",9.26011678e+09,8,Ashwood Dr,Miami-Dade,FL,33173,US
194,120682,"Kennedy, Barbara",9.26012093e+09,1635,Auburn Church Rd,Philadelphia,PA,19119,US
195,120801,"Kennedy, Kathryn",9.260120975e+09,353,Cameron Woods Dr,Philadelphia,PA,19148,US
196,120658,"Kennedy, Kenneth",9.260123927e+09,3118,Iris Dr,San Diego,CA,92105,US
197,121088,"Kernitzki, Momolu",9.260120959e+09,422,Brentwood Rd,Philadelphia,PA,19134,US
198,120992,"Kicak, Lisa",9.260116861e+09,1974,Clear Brook Dr,Miami-Dade,FL,33172,US
199,120736,"Kiemle, Parie",9.260116999e+09,26,Holly Park Dr,Miami-Dade,FL,33130,US
200,120177,"Kierce, Franca",1.600103075e+09,120,Walkers Road,Sydney,"  ",2015,AU
201,120746,"Kimmerle, Kevie",9.260121115e+09,162,Horsetrail Way,Philadelphia,PA,19121,US
202,120170,"Kingston, Alban",1.600102984e+09,5,Buffalo Road,Sydney,"  ",1042,AU
203,121063,"Kinol, Regi",9.260116933e+09,63,Fountainhead Dr,Miami-Dade,FL,33180,US
204,121034,"Kirkman, John",9.260116898e+09,40,Dry Fork Ln,Miami-Dade,FL,33193,US
205,120698,"Kistanna, Geoff",1.600103007e+09,28,Fonceca Street,Sydney,"  ",1171,au
206,120128,"Kletschkus, Monica",1.6001018e+09,26,Bay Street,Melbourne,"  ",3050,AU
207,121090,"Klibbe, Betty",9.260123969e+09,3750,Langley Cir,San Diego,CA,92025,US
208,121110,"Knapp, Albert",9.260116923e+09,4368,Farrington Dr,Miami-Dade,FL,33165,US
209,120757,"Knopfmacher, Paul",9.260123735e+09,804,Calebra Way,San Diego,CA,92104,US
210,121081,"Knudson, Susie",9.260123871e+09,110,Glascock St,San Diego,CA,91950,US
211,120721,"Knust, Dlutomi",9.260120955e+09,744,Brannigan Pl,Philadelphia,PA,19141,US
212,120683,"Kochneff, Deven",9.260121087e+09,765,Greenhaven Ln,Philadelphia,PA,19102,US
213,121058,"Kohake, Del",9.260123839e+09,181,Falls River Ave,San Diego,CA,92021,US
214,120765,"Kokoszka, Nikeisha",9.26012378e+09,2416,Cove Point Dr,San Diego,Ca,91910,US
215,120740,"Koonce, Lisa",9.26011696e+09,1636,Gorman St,Miami-Dade,FL,33012,US
216,120663,"Kornblith, Anglar",9.260116932e+09,4407,Fountain Dr,Miami-Dade,FL,33178,US
217,120266,"Krafve, Bao",9.260123722e+09,12,Brigadoon Dr,San Diego,CA,92040,US
218,121095,"Kratzke, Sara",9.260123796e+09,4137,Deer Haven Dr,San Diego,CA,92101,US
219,121120,"Labach, Susan",9.260121063e+09,1624,Fox Trail Ln,Philadelphia,PA,19146,US
220,120189,"Lachlan, Mihailo",1.600103e+09,17,Elsie St,Sydney,"  ",2154,AU
221,121010,"Lamp, Donald",9.260116965e+09,509,Green Level To Durham Rd,Miami-Dade,FL,33142,US
222,120274,"Landry, Angela",9.260121115e+09,162,Horsetrail Way,Philadelphia,PA,19121,US
223,120690,"Langston, Taronda",9.26012093e+09,1635,Auburn Church Rd,Philadelphia,PA,19119,US
224,121145,"Lansberry, Dennis",9.260116886e+09,7508,Declaration Dr,Miami-Dade,FL,33012,US
225,121069,"Lapsley, Jason",9.260123763e+09,2148,Circlebank Dr,San Diego,CA,92064,US
226,120275,"Lattimer, Brandy",9.260123733e+09,56,Cahill Rd,San Diego,CA,92065,US
227,120671,"Latty, William",9.260120959e+09,422,Brentwood Rd,Philadelphia,PA,19134,US
228,120280,"Laurer, Jaime",9.260121097e+09,211,Hamstead Crossing Dr,Philadelphia,PA,19124,US
229,121118,"Lawson, Paul",9.260121145e+09,598,Lake Ct,Philadelphia,Pa,19122,US
230,120665,"Leacock, Jill",9.260123932e+09,1288,Joe Leach Rd,San Diego,CA,91945,US
231,120694,"Leazer, Sharon",1.60010303e+09,29,Lawson Ave,Sydney,"  ",1220,AU
232,120762,"Leone, Marvin",9.260121005e+09,2898,Cookshire Dr,Philadelphia,PA,19121,US
233,120731,"Lerew, Robert",9.26012366e+09,2254,Appledown Dr,San Diego,CA,92008,US
234,121108,"Levi, Libby",9.260116791e+09,1713,Barham Siding Rd,Miami-Dade,FL,33013,US
235,120136,"Leyden, Atul",1.600103023e+09,12,Hunua Road Papakura,Sydney,"  ",1004,AU
236,120141,"Liebman, Amanda",1.60010301e+09,46,George Street,Sydney,"  ",2012,AU
237,120769,"Lightbourne, Abelino",9.260116816e+09,6137,Blue Water Ct,Miami-Dade,FL,33161,US
238,121014,"Liguori, Donelle",9.26011694e+09,6,Gamelyn Walk,Miami-Dade,FL,33183,US
239,120788,"Lisowe, Smitty",9.260123664e+09,1058,Atchison St,San Diego,CA,92120,US
240,120101,"Lu, Patrick",1.60010298e+09,51,Botany Road,Sydney,"  ",1230,AU
241,120130,"Lyon, Kevin",1.600103019e+09,2,Hill St,Sydney,"  ",1044,AU
242,121056,"Lyszyk, Stacey",9.260123927e+09,3118,Iris Dr,San Diego,CA,92105,US
243,121067,"Macnair, Jeanilla",9.260123814e+09,1984,Dunhill Ter,San Diego,CA,92008,US
244,121018,"Magolan, Julienne",9.260116837e+09,522,Buncombe St,Miami-Dade,FL,33031,US
245,120163,"Magrath, Brett",1.600101846e+09,253,Princess Hwy,Melbourne,"  ",3000,AU
246,121111,"Maholo, Salim",9.260123866e+09,91,Gardner St,San Diego,CA,92057,US
247,121065,"Malta, Corneille",9.260123836e+09,1793,Falcon Rest Cir,San Diego,CA,92113,US
248,120793,"Mamo, William",9.260116878e+09,183,Dacus Pl,Miami-Dade,FL,33055,US
249,121046,"Mandzak, Roger",9.260121106e+09,443,High Country Dr,Philadelphia,PA,19147,US
250,121127,"Mangini, Keyna",9.260123867e+09,9,Garner Rd,San Diego,CA,91910,US
251,120809,"Marion, Chiorene",9.260116782e+09,89,Atchison St,Miami-Dade,FL,33129,US
252,120727,"Marples, Donald",9.260123734e+09,2227,Calais Ct,San Diego,CA,92122,US
253,120161,"Martines, Rosette",1.60010184e+09,147,North Clark Street,Melbourne,"  ",3156,AU
254,120117,"Mccleary, Bill",1.600101844e+09,6,Palmiston Cresent,Melbourne,"  ",3150,AU
255,121053,"Mcdade, Tywanna",9.260123761e+09,87,Christofle Ln,San Diego,CA,92082,US
256,121029,"Mcelwee, Kuo-Chung",9.26012379e+09,1538,Dacian Rd,San Diego,CA,92124,US
257,121139,"Mckee, Diosdado",9.260123895e+09,81,Hanska Way,San Diego,CA,92014,US
258,121008,"Mckenzie, Eron",9.260121071e+09,131,Gem Dr,Philadelphia,PA,19122,US
259,121005,"Mclamb, Yuh-Lang",9.260116949e+09,9891,Glendower Rd,Miami-Dade,FL,33154,US
260,120751,"Mea, Azavi0us",9.260116836e+09,649,Buckboard Ln,Miami-Dade,FL,33014,US
261,121079,"Mees, Azmi",9.260120942e+09,824,Beaufort St,Philadelphia,PA,19128,US
262,121036,"Mesley, Teresa",9.260121101e+09,967,Hearthside Ct,Philadelphia,PA,19148,US
263,121074,"Michonski, Eric",9.260123951e+09,1921,Kingston Ridge Rd,San Diego,CA,92129,US
264,121037,"Miketa, Muthukumar",9.260117011e+09,2185,Ileagnes Rd,Miami-Dade,FL,33176,US
265,120259,"Miller, Anthony",9.260116837e+09,522,Buncombe St,Miami-Dade,FL,33031,US
266,120760,"Miller, Pamela",9.260123823e+09,108,Elmview Dr,San Diego,CA,92111,US
267,120140,"Minas, Michael",1.600103041e+09,95,Miller St,Sydney,"  ",2125,AU
268,120695,"Moffat, Trent",1.600101835e+09,8,Learmonth Road,Melbourne,"  ",3101,au
269,120171,"Moody, Alena",1.600103057e+09,248,Port Road,Sydney,"  ",2020,AU
270,120184,"Moore, Ari",1.600103062e+09,241,Royal Perade,Sydney,"  ",1115,AU
271,120712,"Motashaw, Elisabeth",9.260116823e+09,360,Bridgepath Dr,Miami-Dade,FL,33150,US
272,121099,"Mrvichin, Royall",9.260120976e+09,31,Cantwell Ct,Philadelphia,PA,19141,US
273,121051,"Myers, Glorina",9.260123851e+09,335,Fox Ct,San Diego,CA,92029,US
274,121128,"Nazar, Glacia",9.26012395e+09,1250,Kingston Ridge Rd,San Diego,CA,92128,US
275,120715,"Neal, Angelia",9.260123661e+09,6278,Aqua Marine Ln,San Diego,CA,92054,US
276,121096,"Newstead, Robert",9.260117041e+09,683,Lake Hill Dr,Miami-Dade,FL,33176,US
277,120122,"Ngan, Christina",1.600101847e+09,11,Prospect Hill Road,Melbourne,"  ",3001,AU
278,120192,"Nichollas, Anthony",1.600103056e+09,66,Phillip Street,Sydney,"  ",2124,AU
279,120115,"Nichollas, Hugh",1.60010302e+09,30,Hotham Parade,Sydney,"  ",2600,AU
280,120749,"Niemann, Kevin",9.260123704e+09,651,Bluebird Ct,San Diego,CA,92027,US
281,121066,"Norman, Ceresh",9.260121149e+09,251,Lake Tillery Dr,Philadelphia,PA,19148,US
282,121072,"North, Christer",9.260121038e+09,2765,Eaglesham Way,Philadelphia,PA,19121,US
283,120166,"Nowd, Fadi",1.600103e+09,17,Elsie St,Sydney,"  ",2154,AU
284,120270,"Nuss, Grezegorz",9.260116986e+09,1916,Hebron Church Rd,Miami-Dade,FL,33186,US
300,120770,"Pascoe, Julia",9.260116858e+09,973,Chris Dr,Miami-Dade,FL,33183,US
301,120787,"Peachey, Carl",9.26012375e+09,175,Carteret Dr,San Diego,CA,92025,US
302,120120,"Peiris, Krishna",1.60010301e+09,46,George Street,Sydney,"  ",2012,AU
303,121126,"Penhale, James",9.260120951e+09,142,Bluffridge Dr,Philadelphia,PA,19141,US
304,120807,"Peppers, Gerlinde",9.260123858e+09,1209,Fraternity Court Dr,San Diego,CA,92173,US
305,120696,"Pettolino, Peter",1.600101822e+09,1,Endeavour Road,Melbourne,"  ",3225,AU
306,120151,"Phaiyakounh, Julianna",1.600103002e+09,3,Evans St,Sydney,"  ",2011,AU
307,120159,"Phoumirath, Lynelle",1.600103074e+09,166,Toorak Road,Sydney,"  ",2119,AU
308,120158,"Pilgrim, Daniel",1.600103048e+09,8,Nicholson Street,Sydney,"  ",4720,AU
309,120784,"Pinol, Jennifer",9.260120993e+09,9,Chastain Dr,Philadelphia,PA,19132,US
310,120135,"Platts, Alexei",1.600103071e+09,39,Station Street,Sydney,"  ",2000,au
311,120178,"Plested, Billy",1.600103038e+09,51,Martin Place,Sydney,"  ",1131,AU
312,121086,"Plybon, John-Michael",9.260116892e+09,890,Dinwiddie Ct,Miami-Dade,FL,33174,US
313,120276,"Plybon, Nicholas",9.260121064e+09,2975,Foxbury Dr,Philadelphia,Pa,19120,US
314,121064,"Polky, Asishana",9.260123811e+09,41,Dubose St,San Diego,CA,92110,US
315,120689,"Pongor, Katherine",9.260121009e+09,4750,Cottonwood Ln,Philadelphia,PA,19148,US
316,120748,"Post, Nahliah",9.260117043e+09,52,Landor Rd,Miami-Dade,FL,33169,US
317,120105,"Povey, Liz",1.600101825e+09,23,Garden Street,Melbourne,"  ",8004,AU
318,120165,"Pretorius, Tadashi",1.60010302e+09,30,Hotham Parade,Sydney,"  ",2600,AU
319,121133,"Pringley, Peter",9.260120956e+09,4002,Brassfield Rd,Philadelphia,PA,19134,US
320,121092,"Pritt, Gynell",9.260123941e+09,8112,Kenna Ct,San Diego,CA,92116,US
321,121054,"Pulliam, Daniel",9.260123704e+09,651,Bluebird Ct,San Diego,CA,92027,US
322,120186,"Quinby, Merryn",1.600102997e+09,54,Dunning Street,Sydney,"  ",2120,AU
323,120661,"Racine, Cynthia",9.260123745e+09,63,Cane Creek Dr,San Diego,CA,92131,US
324,120116,"Ralston, Austen",1.600103023e+09,12,Hunua Road Papakura,Sydney,"  ",1004,AU
325,120768,"Rayburn, Roland",9.260120981e+09,31,Castalia Dr,Philadelphia,PA,19140,US
326,121020,"Ridley, Cherda",9.260120918e+09,30,Aiken Pkwy,Philadelphia,PA,19142,US
327,120719,"Ridley, Roya",9.260123695e+09,6121,Birklands Dr,San Diego,CA,92025,US
328,120267,"Rink, Belanda",9.260123891e+09,43,Grist Mill Rd,San Diego,CA,92122,US
329,121042,"Robbin-Coker, Joseph",9.260123688e+09,2645,Berkshire Downs Dr,San Diego,CA,92008,US
330,120129,"Roebuck, Alvin",1.600101844e+09,6,Palmiston Cresent,Melbourne,"  ",3150,AU
331,121027,"Rudder, Allan",9.260123806e+09,941,Dixon Dr,San Diego,CA,91911,US
332,120147,"Rusli, Skev",1.600103069e+09,26,St Kilda Road,Sydney,"  ",2022,AU
333,121135,"Ruta, Tammy",9.260120927e+09,89,Ashley Brook Ct,Philadelphia,PA,19131,US
334,120777,"Sacher, Kary",9.260123653e+09,2547,Allenby Dr,San Diego,CA,91913,US
335,121148,"Sadig, Shane",9.26011677e+09,5857,Academy St,Miami-Dade,FL,33133,US
336,121146,"Sangiorgio, Julieanne",9.260121055e+09,6042,Farmstone Dr,Philadelphia,PA,19125,US
337,120673,"Santomaggio, Pearl",1.600101855e+09,2,Stephen Road,Melbourne,"  ",3181,AU
338,121089,"Sauder, Gregory",9.26011702e+09,974,Joel Ct,Miami-Dade,FL,33030,US
339,121105,"Savacool, Jessica",9.260116883e+09,618,Darlington Pl,Miami-Dade,FL,33143,US
340,120734,"Saylor, Svein",9.26012111e+09,3707,Hillside Dr,Philadelphia,PA,19144,US
341,121122,"Scarbrough, Stancey",9.260116954e+09,701,Glenridge Dr,Miami-Dade,FL,33177,US
342,120162,"Scordia, Randal",1.600101859e+09,45,Talavera Road,Melbourne,"  ",3146,AU
343,120814,"Scroggin, Victor",9.260123664e+09,1058,Atchison St,San Diego,CA,92120,US
344,120160,"Segrave, Chuck",1.600103065e+09,1,Sleigh Street,Sydney,"  ",1164,AU
345,120664,"Senchak, Brock",9.260121088e+09,1779,Greymist Ln,Philadelphia,PA,19142,US
346,120994,"Sergeant, Danelle",9.260123959e+09,734,Ladys Slipper Ct,San Diego,CA,92105,us
347,121117,"Sergi, Teresa",9.260120922e+09,3,Altair Cir,Philadelphia,PA,19131,US
348,120134,"Shannan, Sian",1.600103061e+09,5,Rosebery Ave,Sydney,"  ",2010,AU
349,120107,"Sheedy, Sherie",1.600101851e+09,12,Sir William Pickering Drive,Melbourne,"  ",3175,AU
350,120722,"Sheffield, Ishmar",9.260116991e+09,939,Hilltop Needmore Rd,Miami-Dade,FL,33157,US
351,120742,"Shewitz, Ronald",9.260120978e+09,507,Carriage Pine Dr,Philadelphia,PA,19125,US
352,120277,"Shirts, Wesley",9.260116873e+09,710,Crawford Rd,Miami-Dade,FL,33015,US
353,120776,"Silverthorne, Ratna",9.26011693e+09,284,Forest Dr,Miami-Dade,FL,33142,US
354,120174,"Simms, Doungkamol",1.600101828e+09,30,Goodall Ave,Melbourne,"  ",3053,AU
355,120782,"Sines, Rilma",9.260120951e+09,142,Bluffridge Dr,Philadelphia,PA,19141,US
356,120781,"Sitnik, Sarah",9.260123872e+09,6846,Glastonbury Rd,San Diego,CA,91941,US
357,120717,"Sleva, Jon",9.260116806e+09,472,Big Bend Ct,Miami-Dade,FL,33155,US
358,120143,"Sloey, Phu",1.600103054e+09,1,Pacific Rise Mount Wellington,Sydney,"  ",20000,AU
359,121028,"Smades, William",9.26011694e+09,6,Gamelyn Walk,Miami-Dade,FL,33183,US
360,121004,"Smith, Kellen",9.26012392e+09,1466,Horne St,San Diego,CA,92117,US
361,121032,"Smith, Nasim",9.260123683e+09,340,Bellevue Rd,San Diego,CA,92027,US
362,120660,"Smith, Robert",9.26011701e+09,4156,Hwy 42,Miami-Dade,FL,33180,US
363,121077,"Smotherly, Bryce",9.260116838e+09,4396,Burntwood Cir,Miami-Dade,FL,33193,US
364,121147,"Sneed, Christine",9.260116938e+09,151,Gail Ridge Ln,Miami-Dade,FL,33182,US
365,120156,"Snellings, Gerry",1.600103069e+09,26,St Kilda Road,Sydney,"  ",2022,AU
366,121033,"Snitzer, Kristie",9.260121026e+09,2157,Denberg Ln,Philadelphia,PA,19140,US
367,120677,"Sochacki, Suad",9.260116775e+09,3519,Amersham Ln,Miami-Dade,FL,33160,US
368,120133,"Soltau, Petrea",1.600101818e+09,105,East St,Melbourne,"  ",8060,AU
369,120111,"Spillane, Ubaldo",1.600103064e+09,325,Sherwood Road,Sydney,"  ",1100,AU
370,120720,"Spingola, John",9.2601211e+09,1219,Hawkshead Rd,Philadelphia,PA,19139,US
371,121060,"Spofford, Elizabeth",9.260116923e+09,4368,Farrington Dr,Miami-Dade,FL,33165,US
372,120164,"Stamalis, Ranj",1.60010185e+09,435,Sherwood Rd,Melbourne,"  ",8003,AU
373,120799,"Stefandonovan, Jeffery",9.260121028e+09,47,Dixie Trl,Philadelphia,PA,19136,US
374,121142,"Steiber, Reginald",9.260121136e+09,15,Kilmorack Dr,Philadelphia,PA,19136,US
375,121022,"Stevens, Robert",9.260123921e+09,224,Horsham Way,San Diego,CA,91950,US
376,121112,"Stouchko, Lee",9.260116786e+09,101,Avent Ferry Rd,Miami-Dade,FL,33178,US
377,120193,"Streit, Russell",1.600101824e+09,176,Exhibition Street,Melbourne,"  ",3170,AU
378,121075,"Sugg, Kasha",9.260123796e+09,4137,Deer Haven Dr,San Diego,CA,92101,US
379,121016,"Sullivan, Lutezenia",9.260116789e+09,4758,Barbara Dr,Miami-Dade,FL,33180,US
380,121000,"Supple, Herman",9.26011703e+09,4,Kimbrook Dr,Miami-Dade,Fl,33187,US
381,120131,"Surawski, Marinus",1.600103046e+09,163,Nebo Road,Sydney,"  ",1117,AU
382,121083,"Sutton, Tingmei",9.260117007e+09,6940,Hunt Farms Ln,Miami-Dade,FL,33147,US
383,120738,"Swaiti, Huilun",9.260121097e+09,211,Hamstead Crossing Dr,Philadelphia,PA,19124,US
384,121134,"Tacosa, Paul",9.260123671e+09,2733,Balfour Downs Cir,San Diego,CA,92109,US
385,120169,"Tannous, Cos",1.600101857e+09,13,Symonds Street,Melbourne,"  ",3005,AU
386,121094,"Tate, Larry",9.260123961e+09,2704,Lake Wheeler Rd,San Diego,CA,92082,US
387,120693,"Tellam, Diaz",1.60010297e+09,8,Aboukis Street,Sydney,"  ",1223,AU
388,120767,"Terricciano, Legette",9.260121032e+09,6348,Draper Rd,Philadelphia,PA,19131,US
389,120755,"Thoits, Elizabeth",9.260123885e+09,5,Green Lantern St,San Diego,CA,92128,US
390,120775,"Thompson, Tanya",9.260116965e+09,509,Green Level To Durham Rd,Miami-Dade,FL,33142,US
391,120167,"Tilley, Kimiko",1.600103018e+09,153,High St,Sydney,"  ",2006,AU
392,120681,"Tolbet, Elery",9.260116808e+09,63,Bishops Park Dr,Miami-Dade,FL,33016,US
393,121138,"Tolley, Hershell",9.260120922e+09,3,Altair Cir,Philadelphia,PA,19131,US
394,120737,"Toner, Brenner",9.260123826e+09,36,Enka Dr,San Diego,CA,92037,US
395,120692,"Tregonning, Rit",1.600102983e+09,26,Brisbane Avenue,Sydney,"  ",2064,AU
396,120686,"Tucker, Berether",9.26012367e+09,1999,Avery St,San Diego,CA,91941,US
397,120732,"Uenking, Kent",9.260116807e+09,2853,Birchford Ct,Miami-Dade,FL,33142,US
398,120752,"Van Damme, Jean-Claude",9.260116858e+09,973,Chris Dr,Miami-Dade,FL,33183,US
399,121093,"Vasconcellos, Carl",9.260123738e+09,5194,Calm Winds Ct,San Diego,CA,92071,US
400,120268,"Villeneuve, Jacques",9.260121139e+09,11,Kinderston Dr,Philadelphia,PA,19104,US
401,120758,"Voltz, Sal",9.260116929e+09,34,Flicker Ct,Miami-Dade,FL,33168,US
402,121057,"Voron, Tachaun",9.260120986e+09,990,Center Pointe Dr,Philadelphia,PA,19143,US
403,120153,"Waal, Samantha",1.600102978e+09,121,Blackburn Road,Sydney,"  ",2580,AU
404,120996,"Wade, Johannes",9.260123797e+09,139,Deer Hunter Ct,San Diego,CA,91950,US
405,120780,"Walcott, Kimberly",9.260121101e+09,967,Hearthside Ct,Philadelphia,PA,19148,US
406,120805,"Walker, Robert",9.260121022e+09,153,Dawson Mill Run,Philadelphia,PA,19143,US
407,121039,"Washington, Donald",9.260116813e+09,1668,Bladen St,Miami-Dade,FL,33055,US
408,120657,"Weisbarth, Theresa",9.260123821e+09,1571,Edenton St,San Diego,CA,92114,US
409,121078,"Wende, Lionel",9.260117043e+09,52,Landor Rd,Miami-Dade,FL,33169,US
410,121024,"Westlund, Michael",9.260123709e+09,198,Botany Bay Dr,San Diego,CA,92021,US
411,121041,"Wetherington, Jaime",9.260123714e+09,1428,Brandywine Dr,San Diego,CA,92071,US
412,121114,"Whipkey, Okema",9.260123718e+09,7834,Briar Oaks Ln,San Diego,CA,92104,US
413,120725,"Whitlock, Robert",9.260123669e+09,456,Avent Hill,San Diego,CA,92117,US
414,120179,"Wills, Matsuoka",1.60010183e+09,5059,Great Eastern Highway,Melbourne,"  ",8010,AU
415,120139,"Wilson, Fang",1.600103068e+09,354,St Kilda Rd,Sydney,"  ",2145,AU
416,120271,"Winge, Kenisha",9.260117015e+09,94,Irelan Dr,Miami-Dade,FL,33144,US
417,120750,"Woods, Connie",9.260116932e+09,4407,Fountain Dr,Miami-Dade,FL,33178,US
418,120764,"Worton, Steven",9.260123827e+09,3100,Erinsbrook Dr,San Diego,CA,92026,US
419,120684,"Woyach, Suzon",9.260116853e+09,1107,Caswell Ct,Miami-Dade,FL,33141,US
420,120771,"Xing Moore, Wei",9.260117001e+09,84,Holt Dr,Miami-Dade,FL,33183,US
421,120102,"Zhou, Tom",1.600101795e+09,1,Adelaide Street MIC Court,Melbourne,"  ",3125,AU
422,120804,"Zied, Ahmed",9.260116786e+09,101,Avent Ferry Rd,Miami-Dade,FL,33178,US
423,120670,"Zisek, Odudu",9.260121153e+09,114,Lakerun Ct,Philadelphia,PA,19146,US
424,120148,"Zubak, Michael",1.600102992e+09,51,Court Crescent Panmure,Sydney,"  ",2041,AU
285,121115,"O""Carroll, Aquilla",9.260123738e+09,5194,Calm Winds Ct,San Diego,CA,92071,US
291,120666,"Onuscheck, John",9.260123652e+09,215,Alercia Ct,San Diego,CA,92029,US
287,120790,"O""Toole, Tara",9.260121137e+09,461,Kimberly Dr,Philadelphia,Pa,19121,US
299,120802,"Parker, U""Vonda",9.260121139e+09,11,Kinderston Dr,Philadelphia,PA,19104,US
293,121068,"Osuba, Salaheloin",9.260123681e+09,2546,Belford Valley Ln,San Diego,CA,91932,US
286,121087,"O""Suilleabhain, Virtina",9.260117018e+09,219,Ivydale Dr,Miami-Dade,FL,33178,US
288,120726,"Obermeyer, Lutezenia",9.260120979e+09,3246,Cartier Dr,Philadelphia,PA,19140,US
289,120678,"Octetree, Lucretta",9.260123841e+09,433,Farmington Woods Dr,San Diego,CA,92054,US
290,120723,"Olsen, Deanna",9.260121109e+09,218,Hillsford Ln,Philadelphia,PA,19146,US
292,120173,"Osborn, Hernani",1.600101808e+09,8,Cannon Lane Whitby,Melbourne,"  ",3350,AU
294,121084,"Ould, Tulsidas",9.260123776e+09,1025,Coronado Dr,San Diego,Ca,92028,US
295,120806,"Ousley, Lorna",9.260117027e+09,881,Kettlebridge Dr,Miami-Dade,FL,33183,US
296,120772,"Overdorff, Erich",9.260116868e+09,1407,Coorsdale Dr,Miami-Dade,FL,33161,US
297,120176,"Pa, Koavea",1.600101822e+09,1,Endeavour Road,Melbourne,"  ",3225,AU
298,121131,"Pantages, William",9.260123709e+09,198,Botany Bay Dr,San Diego,CA,92021,US
